Sample	Participant	Week
F03W0	F03	0
F03W1	F03	1
F03W2	F03	2
F03W3	F03	3
F03W4	F03	4
F04W0	F04	0
F04W1	F04	1
F04W2	F04	2
F04W3	F04	3
F04W4	F04	4
F05W0	F05	0
F05W1	F05	1
F05W2	F05	2
F05W3	F05	3
F05W4	F05	4
F10W0	F10	0
F10W1	F10	1
F10W2	F10	2
F10W3	F10	3
F10W4	F10	4
F11W0	F11	0
F11W1	F11	1
F11W2	F11	2
F11W3	F11	3
F11W4	F11	4
F12W0	F12	0
F12W1	F12	1
F12W2	F12	2
F12W3	F12	3
F12W4	F12	4
F13W0	F13	0
F13W1	F13	1
F13W2	F13	2
F13W3	F13	3
F13W4	F13	4
F14W0	F14	0
F14W1	F14	1
F14W2	F14	2
F14W3	F14	3
F14W4	F14	4
F15W0	F15	0
F15W1	F15	1
F15W2	F15	2
F15W3	F15	3
F15W4	F15	4
F16W0	F16	0
F16W1	F16	1
F16W2	F16	2
F16W3	F16	3
F16W4	F16	4
F17W0	F17	0
F17W1	F17	1
F17W2	F17	2
F17W3	F17	3
F17W4	F17	4
F18W0	F18	0
F18W1	F18	1
F18W2	F18	2
F18W3	F18	3
F18W4	F18	4
F20W0	F20	0
F20W1	F20	1
F20W2	F20	2
F20W3	F20	3
F20W4	F20	4
F21W0	F21	0
F21W1	F21	1
F21W2	F21	2
F21W3	F21	3
F21W4	F21	4
F22W0	F22	0
F22W1	F22	1
F22W2	F22	2
F22W3	F22	3
F22W4	F22	4
M22W0	M22	0
M22W1	M22	1
M22W2	M22	2
M22W3	M22	3
M22W4	M22	4
M23W0	M23	0
M23W1	M23	1
M23W2	M23	2
M23W3	M23	3
M23W4	M23	4
M24W0	M24	0
M24W1	M24	1
M24W2	M24	2
M24W3	M24	3
M24W4	M24	4
M25W0	M25	0
M25W1	M25	1
M25W2	M25	2
M25W3	M25	3
M25W4	M25	4
M26W0	M26	0
M26W1	M26	1
M26W2	M26	2
M26W3	M26	3
M26W4	M26	4
M27W0	M27	0
M27W1	M27	1
M27W2	M27	2
M27W3	M27	3
M27W4	M27	4
M28W0	M28	0
M28W1	M28	1
M28W2	M28	2
M28W3	M28	3
M28W4	M28	4
M29W0	M29	0
M29W1	M29	1
M29W2	M29	2
M29W3	M29	3
M29W4	M29	4
M30W0	M30	0
M30W1	M30	1
M30W2	M30	2
M30W3	M30	3
M30W4	M30	4
M31W0	M31	0
M31W1	M31	1
M31W2	M31	2
M31W3	M31	3
M31W4	M31	4
M32W0	M32	0
M32W1	M32	1
M32W2	M32	2
M32W3	M32	3
M32W4	M32	4
M33W0	M33	0
M33W1	M33	1
M33W2	M33	2
M33W3	M33	3
M33W4	M33	4
M34W0	M34	0
M34W1	M34	1
M34W2	M34	2
M34W3	M34	3
M34W4	M34	4
M36W0	M36	0
M36W1	M36	1
M36W2	M36	2
M36W3	M36	3
M36W4	M36	4
M37W0	M37	0
M37W1	M37	1
M37W2	M37	2
M37W3	M37	3
M37W4	M37	4
M38W0	M38	0
M38W1	M38	1
M38W2	M38	2
M38W3	M38	3
M38W4	M38	4
M39W0	M39	0
M39W1	M39	1
M39W2	M39	2
M39W3	M39	3
M39W4	M39	4
M40W0	M40	0
M40W1	M40	1
M40W2	M40	2
M40W3	M40	3
M40W4	M40	4
M41W0	M41	0
M41W1	M41	1
M41W2	M41	2
M41W3	M41	3
M41W4	M41	4
